Date,AAPL,AMZN,GOOGL,MSFT,TSLA
2023-01-04,,,,,
2023-01-05,,,,,
2023-01-06,,,,,
2023-01-09,,,,,
2023-01-10,,,,,
2023-01-11,,,,,
2023-01-12,,,,,
2023-01-13,,,,,
2023-01-17,,,,,
2023-01-18,,,,,
2023-01-19,,,,,
2023-01-20,,,,,
2023-01-23,,,,,
2023-01-24,,,,,
2023-01-25,,,,,
2023-01-26,,,,,
2023-01-27,,,,,
2023-01-30,,,,,
2023-01-31,,,,,
2023-02-01,,,,,
2023-02-02,,,,,
2023-02-03,,,,,
2023-02-06,,,,,
2023-02-07,,,,,
2023-02-08,,,,,
2023-02-09,,,,,
2023-02-10,,,,,
2023-02-13,,,,,
2023-02-14,,,,,
2023-02-15,0.2322773381535414,0.4701814169478143,0.4734424865194768,0.34497237335004083,0.6653586058898546
2023-02-16,0.2377343028961566,0.47992426756262546,0.474369009675544,0.32740982975106503,0.6997075079596804
2023-02-17,0.23595737205814185,0.4742623161353205,0.4709811206456588,0.3169448690054418,0.6844040587048271
2023-02-21,0.23758348457744063,0.4745965652547078,0.4781663137611205,0.3251371179810308,0.7178166488819819
2023-02-22,0.23763517688527877,0.4742052180561002,0.4779651248545026,0.32565632939282296,0.7079147897787165
2023-02-23,0.23766777202913475,0.46818442218969747,0.47876877443637866,0.32658334427995434,0.7046463700844091
2023-02-24,0.24109484073228776,0.44348033939250725,0.4714058719896894,0.3248836199297351,0.7139800972662773
2023-02-27,0.24121017184100726,0.443523908071599,0.4719305732919458,0.3236862412396253,0.7209595009734675
2023-02-28,0.24123358853109292,0.4346372481921747,0.4708545180507861,0.323965867818058,0.7209123712828934
2023-03-01,0.24576406414760293,0.4349503542051149,0.4702354047046239,0.32644492430241717,0.7068683118700677
2023-03-02,0.24469714268558998,0.43467940412815387,0.4730843430675279,0.325049302325853,0.7318049309672506
2023-03-03,0.26190994871463985,0.4402107463101124,0.4719584839487754,0.3225286997888014,0.729937484086278
2023-03-06,0.26156992716135463,0.42709998059161597,0.44736373966877196,0.30788429017313335,0.730078096016949
2023-03-07,0.25992948747122624,0.4269728995409787,0.4452300035604168,0.3093455065339339,0.7153319041190492
2023-03-08,0.259553030649117,0.42584172669279374,0.44171157745024664,0.3092965625635118,0.7244634626356373
2023-03-09,0.26367654099147647,0.42774006664070036,0.4395645574309167,0.3091975652062127,0.7441589886043897
2023-03-10,0.26484236286417695,0.42448295986308093,0.4359479896156553,0.30028083226158603,0.6775916427245063
2023-03-13,0.26467416503957464,0.41786564156797834,0.4319955104005474,0.30645364069487485,0.5979153112227176
2023-03-14,0.25926779796318244,0.4243403820502261,0.43765080313706256,0.3074293723140962,0.5839564147372024
2023-03-15,0.25849825681979754,0.41912057018816706,0.4390224552530021,0.3059131564447998,0.5765016997937169
2023-03-16,0.262453852705168,0.43214890064193534,0.4552075968721694,0.3215138244203474,0.5632659602684008
2023-03-17,0.24191240309406423,0.3694152327594085,0.4024608922786489,0.2950968085499058,0.5559321175613421
2023-03-20,0.235743628253668,0.2823249438822559,0.39504175686899984,0.2967809523135866,0.557724727677202
2023-03-21,0.23099693060088028,0.29482111356840196,0.4059740546743639,0.2959481970063754,0.5986957135934108
2023-03-22,0.22694106423937532,0.29973135761375813,0.3849991605884022,0.271693872798564,0.6058139328086416
2023-03-23,0.22065017863565034,0.2941452713402711,0.3161992924831679,0.27684309516415473,0.602174088053932
2023-03-24,0.21992655113236248,0.28981812859004075,0.2848133514897105,0.2750805501544141,0.5954485868803617
2023-03-27,0.22387094856014866,0.2891781314463535,0.2986693774604665,0.2793645976054424,0.5781296898628606
2023-03-28,0.21838294110446563,0.28412678687822857,0.3025649138014503,0.26552516188829606,0.5785411616138794
2023-03-29,0.22448773896644358,0.2984978442914339,0.3025437551361368,0.27082797767543093,0.5385982605361685
2023-03-30,0.22288848022132857,0.2997763815930191,0.2962832140770885,0.27131682445168964,0.5338032238716034
2023-03-31,0.22349876257658854,0.2875970222015546,0.30187313683180844,0.25983174722467245,0.5401054253368041
2023-04-03,0.22194160646146216,0.2872121381052188,0.29856721455439694,0.2545453810701249,0.5618719039894206
2023-04-04,0.20446171886835351,0.2761257811433829,0.28407361736753073,0.2440218431600906,0.5417666140645806
2023-04-05,0.20904724778934178,0.28843065324129,0.28424491526921714,0.24618993423734423,0.5489736879325918
2023-04-06,0.20914799541269427,0.28920219002735686,0.29728279794749984,0.2526821580757808,0.5484370331258416
2023-04-10,0.20742146845618428,0.27816051532612235,0.29647982399591216,0.24294322423922401,0.5439737920167154
2023-04-11,0.20927536031464086,0.28754433148042435,0.30013187039159533,0.25594348780733966,0.5192665579141595
2023-04-12,0.20952919279966162,0.2951242359397917,0.30208594867249927,0.25511112708247774,0.5264873020442582
2023-04-13,0.2217691945211755,0.31441560559189624,0.3083436086132618,0.25499173424156296,0.5342537275788075
2023-04-14,0.2225848324216318,0.3142735382380535,0.3070180985849954,0.2567366726171389,0.5071560607358117
2023-04-17,0.20265568682130133,0.3042148880033401,0.3186749198267628,0.2545869033234993,0.49650768349841495
2023-04-18,0.19780570307193862,0.30170764859599364,0.32098175957111486,0.2550490596160168,0.4949519666760971
2023-04-19,0.1912545658704706,0.30497533369419755,0.3177036457500455,0.2515733007821643,0.4900095118269197
2023-04-20,0.19249341273223516,0.30596893987573415,0.3183467716822531,0.2535773647757524,0.5588678099588933
2023-04-21,0.18889425129061604,0.308634130767449,0.3100235536066699,0.25248567236910463,0.542527372641486
2023-04-24,0.18196363731802678,0.3040627288090094,0.3023128190952865,0.25195817147785987,0.5439578775473038
2023-04-25,0.18342618955176973,0.322192630206873,0.311152913084789,0.2581322336230742,0.5442117583645133
2023-04-26,0.18048090514376042,0.3204522609638222,0.3009175754365508,0.3209789911116864,0.5331319971647099
2023-04-27,0.1955598680355456,0.3423141897164822,0.3118712242839617,0.32870376965164744,0.5493084722477226
2023-04-28,0.19052710881899704,0.3488393611027801,0.28842641716135475,0.3110359722262941,0.5515236848715346
2023-05-01,0.18917923549436355,0.3609667983954598,0.28685391067717125,0.3112152531607092,0.5499210689279189
2023-05-02,0.1872415040022763,0.36078524649950294,0.2919384704074323,0.2991853666471644,0.5467932711859873
2023-05-03,0.1866452944028647,0.35127371002924956,0.2723536631171444,0.29988131377997346,0.4889315903330403
2023-05-04,0.18706827711382107,0.3460321284311771,0.26949251757405535,0.298630553257237,0.4833481787679566
2023-05-05,0.22816617956299684,0.34833180292287835,0.26320028244277005,0.29754802576149386,0.5131910968791462
2023-05-08,0.2278155393613104,0.3474417238561359,0.26988102534601127,0.2983434318003181,0.5143881752799191
2023-05-09,0.22657900616779345,0.3475217889655871,0.25590489190644466,0.29450646409545395,0.5146646233059586
2023-05-10,0.22666360145975534,0.35670538229335974,0.2755258796763382,0.29610959856967983,0.5137923530674675
2023-05-11,0.2212614151697964,0.3502698771700391,0.29849951168994376,0.29447268187651143,0.5121061743941485
2023-05-12,0.22137705085422868,0.3530404816005551,0.29717989180696014,0.2938798408444836,0.5143813720667241
2023-05-15,0.2180709020971353,0.35224648968477357,0.29158828554278937,0.2916852417563355,0.4737827661326214
2023-05-16,0.21732583176404296,0.35396029733815393,0.2982790157925456,0.29139486222087474,0.4453059504000816
2023-05-17,0.2169868933911519,0.35507601721595855,0.2988297201651236,0.2918498287619142,0.46672390720727025
2023-05-18,0.2162306853686918,0.3465490623040407,0.2998001718330299,0.29086125787319456,0.4590676592884431
2023-05-19,0.21607723813980576,0.35183493304623864,0.28417749775477474,0.2838399615108142,0.46251770349488275
2023-05-22,0.21047830787267346,0.35448899950397317,0.27879650083623514,0.2824442047313038,0.48364900281137485
2023-05-23,0.21474253799603,0.3460023383667461,0.28489374571479925,0.27925562650087454,0.48508594677154443
2023-05-24,0.21383127919227982,0.33833805455926735,0.288039361759379,0.2802703265765912,0.47694156494374307
2023-05-25,0.19229408160491238,0.3208323345111689,0.28495476886706017,0.293188703315329,0.4697306165564802
2023-05-26,0.19530828534713496,0.34127207647221414,0.284105030160047,0.2927718120313483,0.4887038310351428
2023-05-30,0.1967535625746958,0.34178151882321417,0.2709076746313158,0.2940151104333169,0.50136799068393
2023-05-31,0.19631665238060003,0.3432243299043408,0.2671788377006941,0.29602157933828577,0.4994945914354888
2023-06-01,0.19994285996219055,0.3427615529603367,0.26594697350546825,0.29665542003840145,0.49567850511481326
2023-06-02,0.1984476576321825,0.34179388019953416,0.265622394143153,0.2941725876986475,0.39411467151937
2023-06-05,0.19732383983467056,0.3341785549583363,0.26562321272446215,0.2937201983647919,0.39461677252212896
2023-06-06,0.19783787494108807,0.33232359143190016,0.26588985272424814,0.29025188911469924,0.38797764470113993
2023-06-07,0.19699249506771851,0.34172016266338595,0.2854273718137972,0.2982354447786485,0.38235307613436637
2023-06-08,0.2001021237510674,0.3423805295747161,0.28580449573347133,0.22101996759495565,0.3581372852564224
2023-06-09,0.18552314636801814,0.32201535607587045,0.2696677641783346,0.20376319232359963,0.35731262345282655
2023-06-12,0.18888530948484153,0.29945863537181283,0.26965642885731816,0.20666694337804054,0.3564937458369552
2023-06-13,0.18929809496526587,0.2770148123218271,0.26921722063579767,0.20556476490368253,0.3503632370988995
2023-06-14,0.1874121875493149,0.27717344604988847,0.2614266523131113,0.20597184692838752,0.34916665163778615
2023-06-15,0.1866226863677364,0.27650289001418327,0.26160061299379206,0.22064838810796908,0.35138678983441246
2023-06-16,0.18442492359064155,0.28221279380144515,0.2644720356106886,0.2290630586572292,0.34951559162232254
2023-06-20,0.13147781099469996,0.28097841274752644,0.2656427653917775,0.23036777528856037,0.34803201869007844
2023-06-21,0.13326382464096986,0.2834601872681248,0.2717091523305822,0.23363401492541563,0.404104023399504
2023-06-22,0.13464255174623718,0.3030256890976964,0.275371747916276,0.2366064673180491,0.39452662406025113
2023-06-23,0.13335200488355134,0.294450884710506,0.25468364305426827,0.2380832186922237,0.4127912249782975
2023-06-26,0.13646963145272495,0.29805205079176733,0.24590365158155963,0.24481119392098433,0.4658533759377581
2023-06-27,0.13937949416047574,0.29225561703125696,0.24489192623540817,0.24847609962643877,0.4592804498010421
2023-06-28,0.1386036972435102,0.29270528430880843,0.2472894352665279,0.24846205629743887,0.4546897234058611
2023-06-29,0.13833924481922516,0.2920110207195137,0.23756833185846707,0.24855328720708397,0.4537955872826925
2023-06-30,0.1498109413866772,0.2923233673303928,0.23573650750059336,0.25101513463838304,0.44542273432118157
2023-07-03,0.1505875661051398,0.28718805175210854,0.23048277261586395,0.2502644921564401,0.47293515030256983
2023-07-05,0.15271872545198423,0.281303670651487,0.23517913573565113,0.2501865061321536,0.47321969140715486
2023-07-06,0.1506077436082251,0.283824240860347,0.23123395254958906,0.2502601159790359,0.4740656312109847
2023-07-07,0.14296503343231468,0.28431781301574016,0.2247586109433643,0.2462613774826341,0.46996000779723435
2023-07-10,0.1488925022921128,0.2909627673593467,0.2330587833823507,0.25124731915085396,0.47113091283382286
2023-07-11,0.14947445932026393,0.287199589709375,0.2242518491987855,0.22621978849792418,0.47239759210220433
2023-07-12,0.1468332260287742,0.2630438232823529,0.22749949515516696,0.2214497880006608,0.4614153721223715
2023-07-13,0.14494374099559168,0.27054396404417247,0.2666680231255337,0.22532947044227472,0.4539629424558709
2023-07-14,0.14480210621451495,0.2680282095494632,0.26653699877721193,0.2240944772055175,0.4539165905595715
2023-07-17,0.1458885892927409,0.2667084609717737,0.2666282735314298,0.22165737843327665,0.45758275333453596
2023-07-18,0.14614424822127264,0.26634371605000673,0.26656535564383016,0.24745147607996043,0.45387013040059215
2023-07-19,0.14367517908376018,0.2701906350427311,0.26744658118433345,0.2510937075588886,0.45644949629176523
2023-07-20,0.1478677946588901,0.29584830651767413,0.2727787184624486,0.26035263282872034,0.5519373355308164
2023-07-21,0.146972797219205,0.26558092651839743,0.2518491630151889,0.24395958286674715,0.5535669918015417
2023-07-24,0.1419413818789666,0.2588562239935903,0.2545777558927589,0.24377295808107827,0.5474630275065032
2023-07-25,0.14209705952665447,0.25777780364300473,0.25509598349224655,0.247499954491471,0.5395357562309571
2023-07-26,0.1365749431738289,0.24889289422560942,0.30364958004956527,0.2701356389304099,0.536844483517747
2023-07-27,0.13819562773648095,0.24889340811022673,0.3036553583924522,0.2764345582725837,0.5367122069006728
2023-07-28,0.14225495228162283,0.2637915644238952,0.3106572488705566,0.28343746103088213,0.5495697339833656
2023-07-31,0.139685416324083,0.2650132774957783,0.3095065785674416,0.2677341128632804,0.5493636945340701
2023-08-01,0.13899841110133657,0.26610602993921423,0.3081838592400014,0.2637054127008262,0.552131290929703
2023-08-02,0.1478528212658187,0.27832716908027877,0.31719278099652876,0.27206780794753976,0.5341537979715728
2023-08-03,0.1486104792522428,0.2774931984422251,0.3101065405893448,0.2695962840245463,0.5138441119306807
2023-08-04,0.20007213651399208,0.34543625962108626,0.30493105287739897,0.2638557150841068,0.5141336384951032
2023-08-07,0.20566198504225033,0.3475707699076937,0.3124351120064487,0.26203115753003886,0.5072885935774801
2023-08-08,0.20566746172639316,0.3478420305694779,0.2942951571516354,0.25848211424102396,0.4745305951363945
2023-08-09,0.20118605996232597,0.35011033310990336,0.29819433684127594,0.25457916379281703,0.470169373620567
2023-08-10,0.19974718097179972,0.3500378659001351,0.2959556105252396,0.2543445649818067,0.46617638367822173
2023-08-11,0.19955287295802587,0.3485542414496511,0.2941132448721862,0.2547000595654775,0.46668951857071367
2023-08-14,0.1881884905558453,0.347229730431211,0.29569700426558515,0.25128096508035197,0.46436800287353713
2023-08-15,0.18928314236602725,0.3536642322893333,0.2988876358757672,0.2511339592960599,0.4175331164248924
2023-08-16,0.18916406145231837,0.3588570942233631,0.29810064405525993,0.25107586480625693,0.4214588101056054
2023-08-17,0.19164115682431895,0.3564536753733004,0.29514386849973745,0.25033215213440485,0.42405488814452913
2023-08-18,0.192210401923185,0.3559205066878291,0.3009893153860076,0.24868357800559698,0.42497828021279316
2023-08-21,0.19302149165411098,0.35101186248966604,0.28953022269134543,0.2508832265802712,0.48404990986413005
2023-08-22,0.19522091934211844,0.34980620247594096,0.2895027254667645,0.25087137927348624,0.4852721467971714
2023-08-23,0.20485628411587,0.3480916026442263,0.2946094694587804,0.2507949164656183,0.48746866075290657
2023-08-24,0.21624028723861205,0.34904483965545596,0.2717222752780285,0.252347600514131,0.4861627929945361
2023-08-25,0.22046421172597463,0.35043686722273687,0.2712167123160841,0.2530273692624056,0.4993130733100021
2023-08-28,0.21531728273377035,0.3495883299355891,0.27108760380748764,0.25313406438008396,0.4872953687122853
2023-08-29,0.22640302861334438,0.3512060665580612,0.2793708035391405,0.2260314542531043,0.5418649356671702
2023-08-30,0.23302675697777653,0.3469088966933351,0.2753139022056798,0.22450998848103487,0.5418285881402931
2023-08-31,0.23154970916945394,0.3307060197511376,0.2633150684475195,0.21577792756280983,0.4634272759785913
2023-09-01,0.23246890091699077,0.33068460554711493,0.2643067049779921,0.21504106890358665,0.4851858291459087
2023-09-05,0.23212904376427718,0.32987757214134117,0.2632719277876963,0.21966918045909206,0.49422641748232127
2023-09-06,0.25318292808241105,0.3332156739509774,0.2660765011861645,0.21295475809610215,0.49520192511969824
2023-09-07,0.2645980633343333,0.3353707599303534,0.2105209389899436,0.18518676074548582,0.49515844593799346
2023-09-08,0.2649747965681678,0.335324160967582,0.2113978328539395,0.17909125425259342,0.487273632212366
2023-09-11,0.26209226691022086,0.3387223215959698,0.2002817972857332,0.1689141508654563,0.5569189881506907
2023-09-12,0.2646710661842221,0.3408427522565911,0.20363253488503755,0.17593688920611042,0.5610906824127455
2023-09-13,0.265793135890516,0.3435664884777678,0.2033144952842131,0.1800314609867133,0.5575560308403021
2023-09-14,0.26572512785211855,0.3320830915482558,0.18983634100142363,0.1629263501128083,0.5525880321004613
2023-09-15,0.26542175207434804,0.3464836339742214,0.1910334772200841,0.17965001155207172,0.55076458290348
2023-09-18,0.23406805881701645,0.25130073045281365,0.19070854077048202,0.17979111074863907,0.556365329208529
2023-09-19,0.22938112528385698,0.24946705827469076,0.17671201587504093,0.17865379788131924,0.5553239262890837
2023-09-20,0.23609471072436905,0.24999150711264478,0.20065671151937609,0.18856178316195357,0.5569147997407787
2023-09-21,0.23607499078759872,0.2768877710910234,0.2100583465824833,0.1858227836701757,0.55508683284389
2023-09-22,0.2366215301268631,0.27606742376048143,0.2101190530482211,0.18701652146184278,0.568874256143345
2023-09-25,0.23770257229111874,0.28142511284249916,0.21088663868308774,0.1863835660963536,0.5682632463881679
2023-09-26,0.24507232294418782,0.2978670107676005,0.21464701598220862,0.19018866993957936,0.5682057119428164
2023-09-27,0.24435427413370167,0.2935114046441829,0.21675271569057092,0.18963918568708393,0.5634203916114502
2023-09-28,0.24421688485954343,0.28958784423065853,0.21847309266337278,0.18984457126047846,0.5580696770815536
2023-09-29,0.24104316907845239,0.29079859571909134,0.21961937694531908,0.18839291769110433,0.5507810562838105
2023-10-02,0.24493398632189212,0.29618391205009253,0.2232804528907716,0.1963809162172077,0.5468175072860605
2023-10-03,0.24478671944093408,0.3114902935359043,0.2266874528676121,0.2047025346476793,0.5125103913620966
2023-10-04,0.24461398404842777,0.31716337462404315,0.23377857970378202,0.21159102825955362,0.5381381227573238
2023-10-05,0.23641661179518408,0.3159114190859062,0.2226780782855512,0.20724965561496625,0.5375722434010315
2023-10-06,0.22824700796503522,0.31100492788543965,0.21983729021309484,0.21023985825982688,0.5287619814214785
2023-10-09,0.226596219095989,0.3092326826944181,0.22011312290697557,0.20972800018438434,0.5200931324320388
2023-10-10,0.22529190691445872,0.31075665329947816,0.21965754807602528,0.21019725569836395,0.5211678571333962
2023-10-11,0.2169162102579456,0.31297302554864936,0.21196162206960303,0.20897994435553538,0.47300186961258817
2023-10-12,0.20940805978352772,0.31319196720114256,0.2136240173722667,0.2093341060170663,0.4754853654413618
2023-10-13,0.2109243122702457,0.31038145853684956,0.21658055965341294,0.21140771498018285,0.48347966229244305
2023-10-16,0.2088032535018707,0.3174909050584895,0.219073549755151,0.21567823071887532,0.46037881331028585
2023-10-17,0.20952671514396715,0.31781497108087875,0.21931143744441198,0.21138036287305662,0.4400435201976358
2023-10-18,0.18464264245507298,0.3234903102541892,0.2207228470593661,0.21198509551627245,0.4588162459125126
2023-10-19,0.16454139147596802,0.3181304165742285,0.22031432127985523,0.2106153036652226,0.5309274382176883
2023-10-20,0.169239286035285,0.3245952827210431,0.22402079572137257,0.21082074837454248,0.5390809976393175
2023-10-23,0.16780003876903055,0.3068870565061327,0.22457564206551162,0.20960305222863934,0.43693703064686845
2023-10-24,0.16113294267493672,0.31077790546097145,0.22701043581617492,0.20325041367076438,0.44264033481965553
2023-10-25,0.16220200669465748,0.33439868915758,0.35740826363533806,0.21899468315223292,0.43945763453405423
2023-10-26,0.17394944241140176,0.3351508549422214,0.36183637054274864,0.24389754820627793,0.43789370768498853
2023-10-27,0.17597738742466923,0.39086846344780374,0.3619097346382652,0.23362177742723556,0.44053064528882635
2023-10-30,0.17231108885048352,0.4091732961667573,0.3667376023979841,0.24235689004511804,0.44957491334351285
2023-10-31,0.17129621512561286,0.40673095861687986,0.3666897461321417,0.2423002932882889,0.4546634795852878
2023-11-01,0.1717903758640075,0.41284386256233496,0.36239866977329904,0.23874945905679432,0.46417164871065064
2023-11-02,0.1800349147600317,0.3907103874224851,0.356698971934576,0.23818345135014282,0.5029667742920162
2023-11-03,0.18037790017904964,0.39053317884696936,0.35870389880759523,0.23754139037231012,0.49105163514508343
2023-11-06,0.18398137623108038,0.38866850058450575,0.35913664326260647,0.23828698605053275,0.4897942878171782
2023-11-07,0.1733772899292493,0.37045605849891927,0.3546650910700376,0.23060735987151598,0.4915154972672888
2023-11-08,0.17063605243075228,0.3711348734654148,0.35247664993374156,0.23055465927053195,0.49019230768031247
2023-11-09,0.17124591605268194,0.3733998684567234,0.35212103964142216,0.23309254839810126,0.5061671768459345
2023-11-10,0.18170066592781015,0.3764372311147111,0.3545011589349226,0.24025384051278853,0.5088581482079348
2023-11-13,0.18105941530267525,0.37532516890061723,0.346898144135643,0.23965181239849304,0.5260158972505448
2023-11-14,0.1818264061189335,0.3591940542349941,0.34639221940488446,0.22173215488468562,0.5555198320595099
2023-11-15,0.18134713809326702,0.3632247251790688,0.34151977809327844,0.2191927138093269,0.5307953802957971
2023-11-16,0.18181770059720515,0.36191606850719366,0.3450458789802727,0.2218028590060886,0.5410741858050724
2023-11-17,0.17841231345422093,0.36207766555151083,0.3425950490644234,0.22338298569369486,0.541178161263652
2023-11-20,0.17867502781792466,0.36206823555816847,0.3427408557166015,0.22812957598546357,0.5417374140397382
2023-11-21,0.1789367069506557,0.3662469224538803,0.3430409363218313,0.23155495113905655,0.5447508313725773
2023-11-22,0.1781974384121366,0.3667381057710276,0.3404456359543507,0.23171933833358696,0.550178639890819
2023-11-24,0.17992232785388987,0.3668885122929969,0.34097539092330315,0.23102050633146784,0.5494274713152137
2023-11-27,0.17648234894791653,0.36046423213872164,0.3393534337638305,0.22673066087574312,0.5434082082344545
2023-11-28,0.17630629617970894,0.3578697645250567,0.3377040089574588,0.22545009230009475,0.558930560616942
2023-11-29,0.1747406997844654,0.357042770730368,0.34047243248419273,0.22882670552528803,0.5595472344701651
2023-11-30,0.17229564971710162,0.3466224925961408,0.34253449219814597,0.22709574848149194,0.5439156558880084
2023-12-01,0.17206471006522575,0.3465777378600464,0.3427251055502118,0.23200698137192438,0.4672861042436443
2023-12-04,0.1680087001156947,0.34009791238408027,0.3443922241465735,0.23221690085360433,0.4546549161959134
2023-12-05,0.175620648988927,0.3406644424963854,0.3462741299423125,0.23238730202528762,0.455331026920801
2023-12-06,0.1777513136211413,0.3445428702438156,0.34240834214497656,0.23604492409510924,0.4526172882386949
2023-12-07,0.17113005591062552,0.29548524900075246,0.24869620784001803,0.22206082488731366,0.4482644189845394
2023-12-08,0.14760972624036506,0.28853666499349967,0.23832671285060497,0.1863269332381697,0.43495316266448053
2023-12-11,0.1566113177240714,0.22719913960531773,0.24253671876651542,0.18968518993631853,0.4399237688554968
2023-12-12,0.15527401973638907,0.20366267300161478,0.2391098288800488,0.1818025601334063,0.4134869473246456
2023-12-13,0.1590758970035183,0.20429475076394846,0.23866094966965545,0.18207747687000742,0.412253588651902
2023-12-14,0.1540678304451154,0.19279211521239645,0.23405251360159954,0.18699412547248703,0.4278460672089423
2023-12-15,0.147392967622767,0.19697090382896917,0.23343606394663988,0.18934733635116183,0.3944372832955313
2023-12-18,0.14942305481413345,0.20939650486415634,0.2405126446054882,0.1868875048673605,0.3956591303059204
2023-12-19,0.14583260357803243,0.20949898882612905,0.23995413494361284,0.18509528635125796,0.3974029518171873
2023-12-20,0.14723927179424623,0.2062095550593419,0.24171231240508015,0.1844804287554261,0.4172352998888862
2023-12-21,0.14713059495552688,0.2068525832675598,0.24434171004753005,0.18462704101468425,0.4236688427886437
2023-12-22,0.14819835230735887,0.2037823912543722,0.2409426672332708,0.18311768636622908,0.3866114153841607
2023-12-26,0.13449770202096337,0.1965832480947265,0.23669313511269977,0.16901750681679098,0.384842002673072
2023-12-27,0.13129100135285382,0.19490510993425844,0.23799376253873672,0.16716220546624808,0.3715952749284378
2023-12-28,0.12562151656711254,0.18549240944593157,0.23644226361764487,0.16516159353522428,0.3471293393948463
2023-12-29,0.1268775640484864,0.1792527980666122,0.23632191840684355,0.16521444429701915,0.3466436968904836
2024-01-02,0.16301900518586607,0.1842241448108903,0.23397194252773942,0.16219173278320484,0.32631975656341233
2024-01-03,0.1641961078314414,0.18159768478227764,0.23146296007283956,0.15459959786593727,0.3486466772877255
2024-01-04,0.16469233357585653,0.1968545372036035,0.2372398032027171,0.14325318542597434,0.3484550184061143
2024-01-05,0.16466388011212676,0.19208864220007665,0.2371467770666727,0.13956783528438413,0.3414683647375134
2024-01-08,0.18042051892693634,0.19915130745130305,0.24439841398412923,0.1455440933755449,0.3322145127101801
2024-01-09,0.17956016361868313,0.2035908716738827,0.24483204424022548,0.1458057612878501,0.33905093622146815
2024-01-10,0.1805337510688819,0.20729661666896582,0.24579428938315412,0.15534215268935359,0.3392066658477397
2024-01-11,0.18032345006904507,0.20771233193668961,0.24559242451321667,0.1528216947275392,0.320774008827428
2024-01-12,0.1799262527387214,0.20739960705252128,0.24007524276136588,0.15215373768997176,0.3350633484101692
2024-01-16,0.18274201997369444,0.2097927747310852,0.23258703168434497,0.15252149966405518,0.33344556599215863
2024-01-17,0.18155974799371932,0.21170219712490085,0.23326114730202846,0.14808770433609839,0.33707029845976577
2024-01-18,0.20484188869232944,0.2082514294012439,0.22591771259930596,0.1430428494198886,0.3381318650873385
2024-01-19,0.20046661196641904,0.20728198777789858,0.2293620575466832,0.14458428866301268,0.3347908990466578
2024-01-22,0.20291657496667087,0.20091764658350322,0.22775370617596435,0.1417892456810616,0.33605580179470484
2024-01-23,0.20170306210213784,0.1973078931204461,0.17416682849485868,0.1418312696552711,0.3322469658529012
2024-01-24,0.20080349061198513,0.19749847434144313,0.1686184790849464,0.14196473328660095,0.33099685968150744
2024-01-25,0.1971892543266129,0.19409344580443721,0.1695128318796685,0.13881897278095218,0.47163550391217507
2024-01-26,0.19756866067383216,0.19338365205796107,0.1669143498204036,0.1386611404569474,0.4728162085533866
2024-01-29,0.19102989294275924,0.19502132984389747,0.16678907060298717,0.14251522757084736,0.49219112353006966
2024-01-30,0.19810124731790285,0.19788124192660586,0.17289034871793924,0.1216450243789051,0.46388995275117806
2024-01-31,0.20463414617181952,0.2070975573543759,0.28843048547570804,0.14741340413745546,0.4622393286112639
2024-02-01,0.20855832795393808,0.20596616740797155,0.28129192110872586,0.15214941775277382,0.4650615547994973
2024-02-02,0.20781900477270834,0.30434692668304586,0.2817306505604714,0.15874629195273157,0.4567955334142733
2024-02-05,0.20873760225958296,0.3035130334039173,0.28080303915683114,0.16345315187193477,0.4553431667420857
2024-02-06,0.21066075481200405,0.3042354881518702,0.2778784681943747,0.16309481914133525,0.45017320792988536
2024-02-07,0.21022122035359952,0.3039842165479736,0.27845316955599064,0.1715197879793396,0.4552946689473182
2024-02-08,0.21065495446857793,0.3046313607535518,0.27847088136851256,0.17153101589176456,0.45286043454561276
2024-02-09,0.21109519710506142,0.3118770358460365,0.28288448194535226,0.1743737456878806,0.45418212045052253
2024-02-12,0.21228361186275133,0.31536963647136296,0.2849021750413486,0.1808558328825272,0.45282075184685466
2024-02-13,0.21401403931459942,0.321731906275161,0.2892655320979234,0.19480587508029973,0.45349512796761177
2024-02-14,0.18771748021587467,0.31893467768060557,0.28709066157413726,0.18941558024346059,0.4640891432387466
2024-02-15,0.1864897532723116,0.31793258214499015,0.2949398494989136,0.19154794385459092,0.497428858247921
2024-02-16,0.1843537397286237,0.30486199750359905,0.2936285441630017,0.1910851581265944,0.49741272090878186
2024-02-20,0.1843738754557896,0.3102363101253758,0.2931965438120112,0.19168681230870668,0.5027892536563057
2024-02-21,0.17033289632903517,0.3036627303730901,0.2873556008120629,0.18620447860218292,0.5008785961508456
2024-02-22,0.17357815525906134,0.3154968282661112,0.2857524379891685,0.1959586316722528,0.5016701684258774
2024-02-23,0.17505065593378227,0.31394733641071343,0.2846364487700796,0.1911922507055678,0.5057850732377491
2024-02-26,0.17603531200191766,0.31405492143421876,0.31304667378570966,0.19290522009760566,0.5171569997551473
2024-02-27,0.17776088056181785,0.3148780562873685,0.3142003076137481,0.19152043111846723,0.5078489216128768
2024-02-28,0.17521802284100998,0.312874650610352,0.31818157941197905,0.19134550709172649,0.5090921173863093
2024-02-29,0.17491265851084895,0.313608954752529,0.3211865598304839,0.1946043983020223,0.5063817140623088
2024-03-01,0.14522572618040103,0.313138166178626,0.31909484308157754,0.19281449053516858,0.5044852472831646
2024-03-04,0.15169745092350687,0.3134472311305559,0.3211859813117625,0.19053291964060998,0.5442362457485581
2024-03-05,0.16195361576499226,0.3203846900897388,0.3212480249008578,0.20998196749394657,0.5530597682514742
2024-03-06,0.158656703077432,0.3209084255842646,0.32030810542206245,0.20943382282653222,0.5554764801540494
2024-03-07,0.15904097269538653,0.32395510424986623,0.3265305884731095,0.2138277015428293,0.5576267717253335
2024-03-08,0.16458640609543845,0.32593392468027543,0.3199686186850471,0.21444155166148032,0.43702926662608044
2024-03-11,0.17026246099985776,0.3322867810802226,0.3249868728361552,0.21470435763180842,0.4389891975226149
2024-03-12,0.17122770693680633,0.334622175063823,0.3242418497112993,0.22444318679688938,0.4200500865538455
2024-03-13,0.16663845694841087,0.3308243296768903,0.3247390303736659,0.22424130634696227,0.4379385552491789
2024-03-14,0.16396423882691927,0.3210924298403616,0.25068775577959856,0.2185524830865584,0.44815471816122476
2024-03-15,0.1573577772278938,0.3252197308016517,0.2531516223262227,0.2247295674450022,0.4477414868740494
2024-03-18,0.15919154490698953,0.23369291680095272,0.28525040857278144,0.2187520893947331,0.487933122033829
2024-03-19,0.1619851625985114,0.2329417241907037,0.2847491913387745,0.21604083479586086,0.47852214345460364
2024-03-20,0.16636015412110933,0.23402340907149527,0.2863938994577405,0.21708656996909012,0.47990053752317763
2024-03-21,0.20090886958637894,0.23330098787722062,0.28626299741584876,0.21067447090433292,0.47968171547197314
2024-03-22,0.20224617305952677,0.2327885106976265,0.2925554477658966,0.21080693639544235,0.47881162624325047
2024-03-25,0.20174256306214375,0.22033762445002117,0.2867922107560636,0.2106847840690914,0.4751277979922791
2024-03-26,0.20127835123137025,0.21846536740841296,0.2852923109872677,0.20736765871341226,0.47822657698753324
2024-03-27,0.2116752108102724,0.20847124000765715,0.28067061965274537,0.19649407342290234,0.4757824709854501
2024-03-28,0.21296823344348215,0.20555591475480461,0.28041758248399484,0.19507048049098527,0.47346312089954967
2024-04-01,0.21370115670264347,0.2038931452802462,0.2837898168623009,0.19488958037899465,0.4326543791285737
2024-04-02,0.2133968886364838,0.20386686892161418,0.27955527831427884,0.19533943393157918,0.45173820069349574
2024-04-03,0.214360118859101,0.1987007747582398,0.27955512445789904,0.19518971447722241,0.447527389520516
2024-04-04,0.21363455871637607,0.20324375862978453,0.29324155151843545,0.1962596675320988,0.4506799367436152
2024-04-05,0.21074697480860854,0.1936658533860582,0.29391252830852643,0.19162466961759433,0.4570014394972601
2024-04-08,0.20995221130955924,0.1937033825703203,0.29627760095015915,0.19144933474702688,0.47836870656332997
2024-04-09,0.21130759637067645,0.19343299373642625,0.26144402062661726,0.19006609177946182,0.46830735233897075
2024-04-10,0.21059087752111288,0.19159767802708227,0.2618406258074575,0.19166719941500696,0.4737116297125592
2024-04-11,0.2487762540514774,0.1954519452563799,0.257643754478005,0.19369231533389641,0.4753995601969516
2024-04-12,0.25020741782464295,0.1950131589739575,0.25985680395809324,0.1949647387129169,0.477473366085174
2024-04-15,0.2572671857238508,0.19889532847395044,0.26507672743400856,0.20323581742289792,0.4987637655927177
2024-04-16,0.25278127449697724,0.1985772708446599,0.24845941502014054,0.20330599121626763,0.4642433294230622
2024-04-17,0.24015386378211429,0.1924184016967338,0.24664364476413705,0.1842287730632399,0.453427854435227
2024-04-18,0.24012128623839823,0.19548841492387412,0.24261967298039933,0.19239828498293768,0.45916580656132344
2024-04-19,0.24259272318270314,0.20265782245786473,0.2427219453598323,0.18873944788728317,0.45803378795455474
2024-04-22,0.24103296671791138,0.205853315665172,0.24415814555554527,0.18835989883177756,0.4638512365903361
2024-04-23,0.23905209015299766,0.2001369140168944,0.2427454728066187,0.1941563528825444,0.4658260164958422
2024-04-24,0.24213917249666608,0.19879259234386729,0.24272639136816535,0.17787854128185723,0.5938830764489387
2024-04-25,0.24023014177609492,0.20365179383554388,0.25233731184470926,0.19105084740622483,0.5979090559608362
2024-04-26,0.23808544701163903,0.22444839465882446,0.37773723724072106,0.18461911463045746,0.5857851788512795
2024-04-29,0.2491316833554922,0.2129054003658273,0.39134268741022876,0.17739859569506025,0.7318110907493075
2024-04-30,0.25409077941505903,0.23493224272029908,0.37898678680126135,0.19850159788819974,0.733496485093228
2024-05-01,0.2509635277676225,0.24298621127400682,0.37833252232842834,0.2013587641743997,0.7343161885243688
2024-05-02,0.2558441089539972,0.25720769664559107,0.37955982467457067,0.20059082560671945,0.7311731634205302
2024-05-03,0.28417671429214164,0.25790554248880954,0.3779352861012239,0.2100036007455655,0.7292862432187223
2024-05-06,0.28596546110714505,0.2600805806718882,0.37448507629331446,0.21684844561419098,0.7296666479128904
2024-05-07,0.2843488783374544,0.2599831844488801,0.37598260224832025,0.2152910625923885,0.7389711401049593
2024-05-08,0.28307249382403943,0.25898951056621927,0.3786911224537923,0.21550889146418659,0.7363934274693464
2024-05-09,0.27850468865152916,0.2588602594316017,0.37860285838009367,0.2160226741068002,0.7369725628125878
2024-05-10,0.27723878715806644,0.26135687016976256,0.3800446168322978,0.21681269331999103,0.7364503849126001
2024-05-13,0.2787003023043031,0.26191664681566423,0.37181379360574907,0.21497808227097892,0.738825036745934
2024-05-14,0.2771059231565414,0.26182523734960517,0.37097997324162546,0.215140597472548,0.729344199185357
2024-05-15,0.27819890121590846,0.2613989233063548,0.3719201459262662,0.22109495723568243,0.7320169800871621
2024-05-16,0.2771361197308191,0.2611598943865446,0.35944481431753206,0.2208225050708426,0.7308507599851093
2024-05-17,0.2773685275859255,0.24853578498549764,0.359064011603875,0.21426805656153863,0.7227562306818284
2024-05-20,0.27558315160807517,0.24920160556885657,0.3577153056149797,0.21719102208562985,0.7112189580583019
2024-05-21,0.2755507697401293,0.24912074290186934,0.35717271967637176,0.21833045028091452,0.7337514863050667
2024-05-22,0.27398166289601794,0.2490607686881617,0.35846641270708246,0.217338648199393,0.7361335971915469
2024-05-23,0.25783824683124246,0.24559999881067016,0.3595789402743092,0.21654568064335603,0.7429178793223503
2024-05-24,0.26053935217819574,0.24193504153048626,0.35752019778075744,0.21325977212003072,0.7453176166362212
2024-05-28,0.25017964366379036,0.24012984525022227,0.35159455738291834,0.20435138200917652,0.7263466727782484
2024-05-29,0.24101084323298214,0.24009549912821765,0.35156938051268033,0.20468269361855942,0.7207534775323537
2024-05-30,0.23823467716610033,0.24180493751925763,0.3595147913393341,0.22766662910098817,0.7198061624354597
2024-05-31,0.2362628901180692,0.244053573842854,0.3595364918662878,0.22060197989110028,0.7098824358164864
2024-06-03,0.23092598155168728,0.23397443297270598,0.3563628141123005,0.21726291238217066,0.7074736677465494
2024-06-04,0.23120232396805238,0.23064263482657207,0.3550795698781759,0.21751354980400095,0.6984664863892865
2024-06-05,0.2312901009170521,0.22968312902129562,0.35448319116767996,0.2192046133560792,0.6979568393348552
2024-06-06,0.23304098806894682,0.23108616224247733,0.35462286455424463,0.2191075237201063,0.6108534432247388
2024-06-07,0.23406889210358067,0.22524564519582543,0.35124429093010606,0.20520722561039895,0.5953364727614449
2024-06-10,0.24327217264539963,0.20754242859645208,0.19146645416698457,0.20076143096806276,0.5978521712976247
2024-06-11,0.3086205069827964,0.2067571568287767,0.16264670333898487,0.19928008102815392,0.3915245670398986
2024-06-12,0.30626842188228326,0.18003294948524715,0.14851079171468787,0.17589531684157553,0.37892708663751956
2024-06-13,0.3035782634778927,0.17689937060541913,0.1567418622952909,0.17344177226692137,0.3850239732856512
2024-06-14,0.30414854442884476,0.15051844679263518,0.1521230777105535,0.17317795660956228,0.391886518811501
2024-06-17,0.2631664046202187,0.14868220922727046,0.1520496511661354,0.1666353891032329,0.4207474316723703
2024-06-18,0.26414212418125776,0.14392655059616438,0.15712450495798552,0.16304142318491618,0.4193208519891195
2024-06-20,0.27565181115063075,0.15411136489029142,0.14935950660667907,0.1589933612727847,0.40749461610567683
2024-06-21,0.27909498167575,0.16084196408201473,0.15352786189274417,0.1600068081438546,0.40415790432727927
2024-06-24,0.27861164922745935,0.1679831349689165,0.15397236031955017,0.16156036737799273,0.40094288521679766
2024-06-25,0.27661890984814286,0.1657794831041345,0.16730713905836248,0.16185153928829568,0.4007517094050025
2024-06-26,0.27766393956667024,0.20015609682212515,0.16767354625651482,0.1610547703078844,0.4184195939861954
2024-06-27,0.277632812266233,0.20885990526961606,0.16797862664299734,0.16070644238442824,0.4098439420325092
2024-06-28,0.2830447967333787,0.22030578009730953,0.1754042116603449,0.16097375539773517,0.4035831403708693
2024-07-01,0.292294170741868,0.22284390984145694,0.17406340975954557,0.1696345688240726,0.43493663369553626
2024-07-02,0.29388772547935094,0.22524649490427767,0.17479512656292484,0.1692402536049578,0.5153813939732698
2024-07-03,0.2938787176992732,0.22786268986886563,0.17459933012444648,0.16699195202213457,0.5350664529239778
2024-07-05,0.2977297289657289,0.2290809718955363,0.18776768757086584,0.169762695121818,0.5103718121947608
2024-07-08,0.295113550102315,0.22970798444042725,0.18775371407272434,0.1705660226771499,0.4923447242798684
2024-07-09,0.2838349096838179,0.22586814620191786,0.17966604057334382,0.17489331537423475,0.4765266099290791
2024-07-10,0.2845636036618436,0.2254045054248491,0.18078985168021006,0.17786316289284645,0.4745652298967324
2024-07-11,0.29719805739331373,0.2382690095815347,0.20293760053142432,0.19489790674722057,0.5480674152330703
2024-07-12,0.297507632578952,0.23859517912267136,0.20291017166808786,0.19486903047739154,0.5490297689658972
2024-07-15,0.29892202370309046,0.23557310271856652,0.19105201688119572,0.16296538039288402,0.5492272534812775
2024-07-16,0.29925077962999325,0.22894437958248745,0.19715600509959882,0.16710926961892,0.547152571968801
2024-07-17,0.3132716201304827,0.24300401574761502,0.20385555850502154,0.1725194240387574,0.5583005634257062
2024-07-18,0.32223779793322727,0.25249251521559085,0.21179318414658346,0.17427564834627055,0.5555705402784644
2024-07-19,0.32236384663866857,0.25101018536034847,0.210280793528207,0.16846072477648802,0.5755309113921641
2024-07-22,0.3209960278412865,0.2438452403664375,0.21896129722157068,0.17217467506388115,0.5871640894826845
2024-07-23,0.3202111927845646,0.25136527892956084,0.21497694686809032,0.17211374892089756,0.5933135782306901
2024-07-24,0.3275424254957159,0.26235165474779804,0.2620605376168382,0.20182451864345444,0.7058417234782997
2024-07-25,0.2563520843813349,0.26259327223133777,0.27494100175043346,0.2111206071908261,0.7021076030411456
2024-07-26,0.24343736894045054,0.26661042899437415,0.27381712793021007,0.2088057029260858,0.6972412165965383
2024-07-29,0.24304853567052184,0.2626622524243915,0.2753513473702582,0.209124270146203,0.7084835694690279
2024-07-30,0.2416203768342755,0.26371576847055983,0.27414385849161554,0.21009758810582266,0.7167639705762866
2024-07-31,0.23885711855781347,0.27696426301776245,0.27504903308305767,0.2071338310029524,0.7117181360371762
2024-08-01,0.2419219064259073,0.28016646948897594,0.27324075133701986,0.20703232074004185,0.7407870381016249
2024-08-02,0.23305856147221982,0.3744201404539471,0.28037025381869235,0.21382820888239054,0.7511195701127518
2024-08-05,0.2724372063858546,0.38534854971410154,0.2993808772940492,0.22740004894021057,0.763774310013822
2024-08-06,0.2738802807719341,0.3843583173716488,0.2994092457553125,0.2317775833815547,0.7636660747541403
2024-08-07,0.27599953278003647,0.3845669796384319,0.28604259351377004,0.22944076866997812,0.7733589194067483
2024-08-08,0.2740780063106716,0.3688686028792315,0.29434640450585076,0.23262509042572135,0.7681986872031824
2024-08-09,0.2767063926616466,0.3618922153851733,0.2950489939647571,0.23476537003135045,0.7682208038376056
2024-08-12,0.2726884697078337,0.3580889976582586,0.29256432003190586,0.23350624124959501,0.7693046488445117
2024-08-13,0.2641713107183664,0.35816444050691026,0.29494119145803305,0.22991611776141194,0.7641564932527047
2024-08-14,0.2601635986498421,0.3539272155192087,0.2963576688079254,0.23037663431440975,0.7061879270465363
2024-08-15,0.2625130932977848,0.380716546225104,0.29706430946824486,0.23375423109185922,0.7044596858424598
2024-08-16,0.25546136256276314,0.3778906807051103,0.28658744726428753,0.22786747994625023,0.7017538744878435
2024-08-19,0.254742131180391,0.37907443745683095,0.29747036680347205,0.23002411439854972,0.7084271199307284
2024-08-20,0.25462279499005713,0.3794979668886098,0.297990242806406,0.2296201875594637,0.69805318422715
2024-08-21,0.24819995403880865,0.3803230040279729,0.2944986128845943,0.2238947450787803,0.6989345511118029
2024-08-22,0.24010988200207475,0.3795871513660216,0.28607070565912207,0.2204310836011365,0.6754526291474852
2024-08-23,0.23890575790567423,0.3803454966250411,0.2893936261042018,0.2210774467344953,0.68386852840062
2024-08-26,0.23342852809794581,0.38028978628904553,0.2881145686878693,0.22132033968270554,0.6860062938180048
2024-08-27,0.23369200243063173,0.38129712621397743,0.28690823959493733,0.22061361987369796,0.6844118269667774
2024-08-28,0.22274806184786192,0.37630856329117257,0.28549460963776985,0.21884991710529925,0.6809343644164892
2024-08-29,0.2181082127612698,0.37293377523875687,0.2821204840681815,0.2197478698555943,0.6808968464868367
2024-08-30,0.218478894031664,0.3895944697334885,0.2844838790209369,0.22167179640792634,0.6838163234491444
2024-09-03,0.23306426238800035,0.39110168615985064,0.2907948383235785,0.22245366552831222,0.665074567600686
2024-09-04,0.23391124644580916,0.38791565869590733,0.290378929739885,0.2215603845440753,0.6769322885651273
2024-09-05,0.21880068675208172,0.3871291551226698,0.2573703871721057,0.1979351311937482,0.589224465050497
2024-09-06,0.21937805047677014,0.4009972866497708,0.26726530184547426,0.19103343969621384,0.638510057536656
2024-09-09,0.21933119644701166,0.40477334941471177,0.268787015392563,0.18674212559465775,0.6432491600300096
2024-09-10,0.21965497485949134,0.41086376308045475,0.2630486697034017,0.19726927398622315,0.6362249931561674
2024-09-11,0.22196499614551712,0.4180097485155273,0.2689456898318317,0.20583112114415092,0.6247376311603084
2024-09-12,0.217802028526501,0.4112828679169818,0.27853182089356926,0.2047985755610954,0.6129527761223033
2024-09-13,0.2118468075437055,0.40864528589786564,0.2851443855789283,0.205621442772291,0.5801950527687847
2024-09-16,0.2264465520990911,0.31257020953756137,0.2782216990467044,0.19488870777951478,0.5670751216109955
2024-09-17,0.175432985839061,0.2833345034147929,0.2478220352658423,0.16579552064671912,0.5501343156649424
2024-09-18,0.17867705005817675,0.2841672876629275,0.24724495116029815,0.1683623865946811,0.5505028185612074
2024-09-19,0.20345103192472536,0.2868869967534591,0.25042235023714793,0.17343008453464492,0.5651252120333518
2024-09-20,0.19994526035610635,0.2843663150258354,0.24544152862576904,0.1748835320502753,0.565888158491759
2024-09-23,0.19895549044875727,0.28502833488030105,0.24572919423976325,0.17512645581691066,0.5792133116233837
2024-09-24,0.19841053984953605,0.2848227176589562,0.24461046585488383,0.17873133852422946,0.5763887375857639
2024-09-25,0.19342485141876412,0.2832287336514826,0.2426088242094784,0.17307813801920918,0.5616832103923233
2024-09-26,0.19379057031581207,0.2848026886737243,0.23382275486922655,0.172587607916789,0.5525689686529105
2024-09-27,0.1900846410095863,0.2643734450890531,0.23420001110236516,0.17143945932424295,0.5299999324755967
2024-09-30,0.20034141038586098,0.2658388264752722,0.23469171838433264,0.17076035173975565,0.5300109869429
2024-10-01,0.21866573777214982,0.2665028356846545,0.2260913901797335,0.1824331652304468,0.5284258390759071
2024-10-02,0.2186434135963405,0.2665878460899973,0.22680668724705988,0.18249456719973497,0.5401320680251573
2024-10-03,0.2191244134270603,0.27014516265925087,0.22558723531089958,0.18248831465825618,0.5509741708963277
2024-10-04,0.21815855104486598,0.2704307996136781,0.22328511510404261,0.17269147304707883,0.5304604700721647
2024-10-07,0.22586716952844854,0.28626845388163225,0.23258011029145473,0.1783533280779487,0.5310846351621182
2024-10-08,0.23249304430112674,0.2861399143863954,0.23381587683762656,0.18087209062584855,0.5210224604658648
2024-10-09,0.23733757560452948,0.2844745066426787,0.2366166890060649,0.18183707247619582,0.5193436683147561
2024-10-10,0.2365203520885314,0.2808828538968345,0.23447189633981064,0.18064923143143974,0.5171631611427847
2024-10-11,0.23347855711709864,0.28166540224271475,0.2345083342442325,0.1798701260593414,0.583678549212929
2024-10-14,0.23818361166240243,0.2640268468281983,0.2347417609608166,0.17872604762934113,0.5740834909867145
2024-10-15,0.2250315778260883,0.26051458104925224,0.20639295254415282,0.16980613593307942,0.5715946143751219
2024-10-16,0.22512560917443336,0.25518638106955366,0.20544384476815086,0.17094192897209237,0.5594028901023433
2024-10-17,0.2245811770132163,0.2451644091135463,0.20998463345766089,0.1708616507760599,0.5404725759366166
2024-10-18,0.22516151725470626,0.21683179203722908,0.16913292776379205,0.16309578499205896,0.47882265121772244
2024-10-21,0.22540702721514305,0.20843921334441828,0.16211761374579928,0.16104047531660495,0.47405028211532474
2024-10-22,0.22519463894689665,0.19867929152491937,0.16198742117608694,0.1609818583704756,0.4545928297188975
2024-10-23,0.23383123028012176,0.1994399954670869,0.16493010712912082,0.15056734553282583,0.4569124764589016
2024-10-24,0.23390167686604332,0.19728101803129527,0.1527802527128968,0.14802808260562272,0.7869844173726392
2024-10-25,0.2338803824731668,0.19838261370339658,0.1508487825743859,0.14785337215472952,0.7911137337012275
2024-10-28,0.217626798825825,0.1967012018511757,0.15214423828623733,0.1480790906089834,0.7938634547647475
2024-10-29,0.21766514061414807,0.19777357932395395,0.15810400134389366,0.15046094355469772,0.7954624465801441
2024-10-30,0.2185700967033357,0.1992864032887679,0.1751868828292824,0.14762295106015486,0.7960035586139876
2024-10-31,0.1981329945978818,0.21546316978368318,0.18294897461358658,0.22172137703291167,0.7750992482173714
2024-11-01,0.20154183861740654,0.28040433518430397,0.18171989643835237,0.22393319234124417,0.7716451119590185
2024-11-04,0.20075113797539604,0.2806406713191656,0.18253810126120215,0.22399186867634682,0.762391474849144
2024-11-05,0.2013779406856823,0.2857299506539305,0.18255246405555728,0.22416745509129726,0.7677820619908806
2024-11-06,0.2012143562840709,0.30378579995112487,0.21246159185915536,0.23240431678414752,0.8778152285421491
2024-11-07,0.21044357868675836,0.3041676539989882,0.22067323204313635,0.2355527674695767,0.8790742892860207
2024-11-08,0.21044754326658102,0.3005326244613066,0.2256435384044047,0.23534090063622665,0.904603746332789
2024-11-11,0.201610705500377,0.2997907373212831,0.2255207281174228,0.23658713167114934,0.9344895772098982
2024-11-12,0.18333150404247034,0.29876501740995454,0.2255470284562324,0.2303510583806674,0.9555835080688523
2024-11-13,0.18356576337617836,0.30400383964542194,0.22989271551543675,0.22922960686350663,0.9463394853937747
2024-11-14,0.1873008668110178,0.3024282397836067,0.2378032759380527,0.22932114131388584,0.9587386590567842
2024-11-15,0.19143343231844406,0.3256767611910729,0.24387475380245102,0.2440062812602335,0.9568300859325373
2024-11-18,0.18310027274695817,0.3107277796939084,0.23512298342864044,0.23944910743216152,0.9552045707674914
2024-11-19,0.17555454888701524,0.3116447035996987,0.23778871313155378,0.2371152239655652,0.9554953248732504
2024-11-20,0.16893494700150688,0.3123283926282809,0.23577888976676703,0.23693361911489222,0.9548689966889775
2024-11-21,0.16892584059330668,0.3204711240459874,0.2773215333170443,0.236998309734062,0.9543824884086711
2024-11-22,0.16859256282302107,0.32012596320492415,0.2817354052409137,0.23877392833504232,0.9068569307279375
2024-11-25,0.16602920316533823,0.32437722398982555,0.28462833520501113,0.23829115342259022,0.9214931473356684
2024-11-26,0.16518521989052037,0.33517018691978856,0.2855218280950404,0.24648786371992398,0.921926365721331
2024-11-27,0.16294265359423452,0.3368213446828952,0.2854086828054847,0.24835409120886573,0.9262924801530164
2024-11-29,0.16532681402606297,0.33743630216827336,0.2822368398246713,0.24834774286446143,0.9268625768297611
2024-12-02,0.1638552800530335,0.3384647146855412,0.2849846792171938,0.2531292043987032,0.9267773012650831
2024-12-03,0.16681341435172733,0.33930982858940695,0.2850042136248141,0.2531354244421149,0.9288626727704679
2024-12-04,0.1664737919287078,0.3432033690681989,0.28849324902451556,0.24945480131812192,0.9266299504822265
2024-12-05,0.15199774514823577,0.33052527363499606,0.2866244295828526,0.25028450166037736,0.9203380038800121
2024-12-06,0.1519976923371567,0.3372666136789982,0.28792711298984586,0.2502601999231842,0.7097858191437074
2024-12-09,0.15749190979931557,0.3387365492944873,0.28533906935749737,0.24980384233044192,0.7083858498811895
2024-12-10,0.15644995925438732,0.3401268771963508,0.3247501593096808,0.25033073744677636,0.7002737262014989
2024-12-11,0.15784029915113318,0.34318561649113877,0.3555261806422492,0.2504092625101559,0.7069507838872371
2024-12-12,0.1495814253607809,0.34478469602133643,0.3543474806272583,0.2504097021090637,0.7098362246275612
2024-12-13,0.1361929154594339,0.3270324822070709,0.3506191894197829,0.16965093100795897,0.6992603337052409
2024-12-16,0.1289864452410896,0.28778740095998145,0.36274096547197815,0.16957346649274274,0.7058621803781477
2024-12-17,0.1276577639585279,0.28633412064897895,0.36081859451329557,0.1680713123576492,0.6929839567006633
2024-12-18,0.14789803566785054,0.3200798062054789,0.3799078313318002,0.20574349395213695,0.7575344012736777
2024-12-19,0.14676789171061796,0.3043437510283419,0.36421801864890435,0.19781343537407192,0.657690511730949
2024-12-20,0.144291043302577,0.30269783231504976,0.3606226178420341,0.19511518440259593,0.6713787283213433
2024-12-23,0.1435318598182215,0.30084415664281067,0.35994947526758636,0.1941222308470348,0.6394403068859218
2024-12-24,0.13678037214659144,0.30256070986596856,0.3594028214820611,0.19219085088483806,0.6237322071406944
2024-12-26,0.13613036191435937,0.3039740133643698,0.3595658540595597,0.1901309804757871,0.5921968913401163
2024-12-27,0.14589294720093932,0.3007453137207882,0.35932498945046226,0.19719363195876985,0.6179284647482247
2024-12-30,0.15154350060379443,0.30025157713548106,0.3551831706086062,0.2008782972595214,0.5983456125664284
2024-12-31,0.1457388661885248,0.27242060291184256,0.3520460007967004,0.18448447361648493,0.6078102688022341
2025-01-02,0.16640821709275533,0.2715507026744905,0.34997163067518494,0.18573968637053756,0.6223314050900733
2025-01-03,0.16684765832210097,0.27305488360877644,0.34893640164880857,0.18806290220583854,0.6603925647680157
2025-01-06,0.16735075785413836,0.2729117874110124,0.35261530759761134,0.18933899061845394,0.6583851130499057
2025-01-07,0.1715885342099975,0.2746195140744598,0.31921976708801675,0.19301898265828765,0.6716552340604078
2025-01-08,0.17118829852732984,0.27315690294742856,0.3146522326339088,0.19152873426335074,0.6647548841979315
2025-01-10,0.18352288464957173,0.2728390804230932,0.31569014794324685,0.19533412087802834,0.6516613385868812
2025-01-13,0.18424219641732892,0.2589927697922614,0.3167876165757829,0.18427189508473593,0.6528761062486291
2025-01-14,0.1847530000048446,0.2569648732585783,0.31834476958460106,0.18159457521045216,0.653321678889283
2025-01-15,0.19129243630123313,0.2649648314074054,0.327255338065379,0.19673887007722354,0.6823412023824986
2025-01-16,0.22224490586490855,0.26608938649212893,0.33018490318280586,0.1899581599518198,0.6879604916600267
2025-01-17,0.21982414811494005,0.2719666644021158,0.3315668085133072,0.19256672974288738,0.6884170744601645
2025-01-21,0.23632496810828665,0.2713387361876554,0.3297718462454287,0.18758942696272143,0.688588946345825
2025-01-22,0.23736956042943422,0.2744361450093478,0.32707257840635207,0.2210296717890248,0.6886547571500868
2025-01-23,0.2373738421370532,0.26211919621413327,0.3269380241301039,0.22097841484836309,0.6736439573414901
2025-01-24,0.23064302051020874,0.26185390492375854,0.3275392595528379,0.22113246747751128,0.6754111441751651
2025-01-27,0.25137027462882694,0.26123685290586873,0.3170786168219626,0.22908075911832232,0.674501333627646
2025-01-28,0.2752782664643715,0.2550069523840486,0.27816507119570516,0.24186090392089063,0.651182945354931
2025-01-29,0.2750103375571065,0.25477640052305944,0.273035236621618,0.2438562830531525,0.6528036019418368
2025-01-30,0.2755687884592523,0.25597622687956056,0.28161854277166126,0.30180407376387913,0.645385508469301
2025-01-31,0.2731625767957049,0.24929028377731358,0.2660159799692123,0.2997783075662966,0.61822099377251
2025-02-03,0.28593329735250833,0.24808451164353695,0.2687057438456857,0.299259005823732,0.6212358081275774
2025-02-04,0.2890780965593406,0.20998089365968592,0.25375510146286057,0.28139791017114324,0.5828255379353082
2025-02-05,0.2878356663855137,0.22253250040394865,0.3362727518296134,0.28162996023643433,0.5902727230136124
2025-02-06,0.2814035579495216,0.2236516009810567,0.3334029930400147,0.2825398012702125,0.5834879522543482
2025-02-07,0.2873909823066549,0.2555418875084764,0.3427542471692902,0.28507046132418234,0.5846841766180734
2025-02-10,0.28421271439712087,0.2553605204117633,0.3424379122399524,0.2840886828156281,0.5387880368518448
2025-02-11,0.2933019590008063,0.2539027653160525,0.3426980173522389,0.28407826850765844,0.5612886797536741
2025-02-12,0.2982676092069116,0.2549793814780392,0.3413004948827463,0.28061099968270303,0.5571108334715587
2025-02-13,0.30300908891167005,0.25291139464502777,0.34348761290265717,0.2787646018480834,0.5827479159868553
2025-02-14,0.30511277328050895,0.2524898335510536,0.34256438984985405,0.27829771721173385,0.5768157432367998
2025-02-18,0.29525786992170244,0.2541583853682873,0.34320723487400473,0.277912007725835,0.5507760379591494
2025-02-19,0.2952003025954254,0.24903576037769723,0.34199097416115687,0.2783526948410386,0.4944682722056571
2025-02-20,0.2947879811958369,0.24969655047273703,0.3320181650697666,0.27691880723697904,0.49565672818057693
2025-02-21,0.29274138807318834,0.25332023320117747,0.3393625022342818,0.2798538735390377,0.499919364406256
2025-02-24,0.29317879231638094,0.258125081505665,0.33899152982806374,0.2805212097296974,0.5019023502273927
2025-02-25,0.283563983737229,0.25517162469462557,0.3428134482545078,0.2812613859375213,0.5506104255407771
2025-02-26,0.29362371522297337,0.2562054317609111,0.34467872787621157,0.28168232865406884,0.5503400660428643
2025-02-27,0.29588902845054105,0.2667383074908255,0.35007077177202695,0.28581198664795265,0.5531159752270579
2025-02-28,0.29559116004495667,0.2602069627671748,0.33719530084693017,0.27684254776689476,0.5048995018398931
2025-03-03,0.2735831452265896,0.2754400282439666,0.3389365601417144,0.2823908508768082,0.5031941264048178
2025-03-04,0.274594094953771,0.2640950220709306,0.3434860218669207,0.2797807811212927,0.4949431561761843
2025-03-05,0.2563535582284365,0.26513274647651724,0.34420943581713287,0.29762303639124965,0.5081049477443828
2025-03-06,0.2563893947056591,0.2738582771278682,0.3437623515228129,0.26858350521749247,0.52264144888068
2025-03-07,0.2594498251301731,0.2731427297891559,0.34583410257190617,0.2686098328079208,0.5232232216411791
2025-03-10,0.29812330749667465,0.27801058734914763,0.3620573774744088,0.2818064680210273,0.661870268591509
2025-03-11,0.2956117911051515,0.2811503114735126,0.3460805895707967,0.2778571852617785,0.6819717038766625
2025-03-12,0.2766440237543746,0.28120607982318413,0.3463855981688977,0.26193453409362566,0.731676023524673
2025-03-13,0.28950124306048003,0.2866669075443267,0.35127522896459706,0.2621143786502245,0.732672998049774
2025-03-14,0.29645150239605084,0.2972001467853664,0.3433565639053639,0.2159566526316681,0.7383311751985691
2025-03-17,0.29673060406336804,0.2923803228583701,0.33705028589746705,0.21597436686339103,0.7404560888208277
2025-03-18,0.28224342190048435,0.2929919863289143,0.33936604905841394,0.21726074792443228,0.7411556132768208
2025-03-19,0.2769815129866411,0.28915130674314576,0.33505701297934504,0.22012526252753747,0.7556088029766457
2025-03-20,0.2770869837142046,0.284564769616674,0.271448301011569,0.21978395294182143,0.7547468604281442
2025-03-21,0.28395101992674043,0.2823340431145801,0.2732267358511591,0.2220225653393918,0.7794186031921577
2025-03-24,0.27859090668324105,0.28885320548541193,0.27144126808152236,0.2194248730694728,0.8644557657251659
2025-03-25,0.2817163982516843,0.28583091599541394,0.2765719901791742,0.21922361825090772,0.8700631570141584
2025-03-26,0.27486894995796396,0.2905573985768278,0.28937762316171295,0.22191490861196608,0.8659168892801999
2025-03-27,0.27090068642049414,0.2888393922998457,0.29158080694464794,0.22173113320870116,0.8619472396232019
2025-03-28,0.2722952099647944,0.3080092880246864,0.3140685954567942,0.23624396073978962,0.8445926964892834
2025-03-31,0.2763778375185856,0.3086537362587902,0.3149153733479461,0.23688269570563267,0.8445288800359119
2025-04-01,0.2772253933234473,0.3119350403854882,0.32090764047964293,0.24395801783450352,0.8545125020348597
2025-04-02,0.277471824132114,0.3201631644681821,0.31884109457679854,0.2400800034715682,0.8696764587216009
2025-04-03,0.37908286538710717,0.40340919340237275,0.3345043787217328,0.24642094046732665,0.880407852750233
2025-04-04,0.4252396804854078,0.411223500800039,0.33903509415004973,0.25976606690569465,0.9173989543490632
2025-04-07,0.4305351165714478,0.4204507861631926,0.34146850421581415,0.2591339893636885,0.9179358441149739
2025-04-08,0.444645824275538,0.4239531389903829,0.339313809941657,0.25748237719825645,0.8988632201556782
2025-04-09,0.6497967050252411,0.5602675825681864,0.45040572943320567,0.39859011398872884,1.123195916639722
2025-04-10,0.6582917844372815,0.574068385939163,0.45722004955137413,0.4009510001407146,1.1397765808234832
2025-04-11,0.668415099974715,0.5751547856874831,0.4645434500232094,0.40338632542836345,1.1333473569471901
2025-04-14,0.6724851242299698,0.5690233062983391,0.4635068120457237,0.39848765339138537,1.130705862999106
2025-04-15,0.6724007803472095,0.5698064373197386,0.4597564881356802,0.39881766677876357,1.1236329412449004
2025-04-16,0.6797223766004682,0.5690214457630961,0.45995199626834415,0.40066629147579097,1.129775728457941
2025-04-17,0.6820067476924054,0.5613922236803853,0.460972332047932,0.4006676594634428,1.1182682452682253
2025-04-21,0.6802601320364098,0.5664912944763988,0.46259555739199015,0.4049931744598046,1.1303664786726906
2025-04-22,0.6777620137990067,0.5753414610984128,0.4549031544053029,0.4000303022829713,1.042153125016152
2025-04-23,0.6778620280878882,0.5895110076026916,0.461377208877862,0.4048627359167875,1.0475465273305733
2025-04-24,0.6785787412300576,0.5969937232556929,0.46425787531156415,0.41673129993678537,1.0299535603176266
2025-04-25,0.6713430512568556,0.5941001532958586,0.46093723088116056,0.41621173324399097,1.0602774999974465
2025-04-28,0.669412284473642,0.5909635088113147,0.4588494505500044,0.40979434879631327,1.056255957280647
2025-04-29,0.6695309703004976,0.5901996197587244,0.45847007880496177,0.41027069257805915,1.0442784456577132
2025-04-30,0.6694336070108498,0.5903995073427395,0.4545940638564783,0.40812336152165535,1.0356588724852098
2025-05-01,0.6686680985632362,0.596270612146321,0.4531156973930342,0.46182971270935164,1.0303900118369034
2025-05-02,0.6774996945031841,0.5962199170497733,0.45532035617754624,0.4649378615127592,1.031262842770142
2025-05-05,0.6805062268468133,0.5983439086558852,0.4548856368817175,0.46449061001987263,1.0266762482911096
2025-05-06,0.6793055782813477,0.5881573991239744,0.4503456665751434,0.4654950794852155,0.9703605747916861
2025-05-07,0.6779468490220414,0.5903098833198731,0.4928574648835678,0.4655802121153028,0.9651305727732158
2025-05-08,0.678244477102159,0.5899196135422455,0.4893145165611261,0.4633599676842176,0.9540570669462378
2025-05-09,0.6775158429154025,0.5901487653869548,0.487806726023227,0.463375336653517,0.9625530076375794
2025-05-12,0.7000670407688032,0.6213186119857134,0.47918644859890835,0.4549045580423024,0.9716391119126798
2025-05-13,0.6983314811572472,0.6199979496231397,0.4794431065587769,0.45308766097393083,0.975860968203713
2025-05-14,0.6981845069755849,0.6203448700107244,0.48857233458900506,0.4517766758671951,0.9770704744970895
2025-05-15,0.6981552676291803,0.6234799003240828,0.4895189368171579,0.45154552887221855,0.9708505233935794
2025-05-16,0.6420496665266691,0.5591579542150021,0.4738673043178208,0.44284315384152,0.9528481040873845
2025-05-19,0.6032761322995315,0.5413598592648776,0.4602948404745235,0.42407548966430303,0.8949343281861689
2025-05-20,0.5922407216344261,0.5406978317975282,0.46390059513355014,0.42308740158258534,0.8876895727468639
2025-05-21,0.5755366678037349,0.5357149440814466,0.46559788763868964,0.424277457000614,0.8761497019948502
2025-05-22,0.3691490476501672,0.4137404587054618,0.3780414341012125,0.32037662442851467,0.6047355676084292
2025-05-23,0.35833926583066544,0.383022308883692,0.3625029417597907,0.3122979033113239,0.555796365769119
2025-05-27,0.34623761446674634,0.3850967702194567,0.3613753089828282,0.31427978833762404,0.5801927166012198
2025-05-28,0.34023669241828686,0.3822584739202307,0.36085951156152674,0.3158641270181457,0.5853414270935908
2025-05-29,0.34026086410321293,0.3783982722876424,0.3562022342589098,0.31423980957603626,0.585604396793057
2025-05-30,0.31985896217935733,0.36533356465897987,0.3500553784970405,0.2872701335365721,0.572648892976378
2025-06-02,0.31776555374424914,0.3623897147562365,0.35082059941642113,0.282633581102874,0.5754655461807683
2025-06-03,0.31230642572122247,0.346851462439247,0.3470912775771223,0.2672260600443094,0.53682874268039
2025-06-04,0.29720444836121357,0.3366402859292611,0.34177375365938983,0.26511239836869427,0.5470530464098605
2025-06-05,0.2903141994134896,0.3182557392826439,0.33544494771449096,0.2624172336435571,0.6926655547271217
2025-06-06,0.28922593568205657,0.3143233719775806,0.34025796403647096,0.2497792144972775,0.693315651500624
2025-06-09,0.29074751569713786,0.31508971498775923,0.33969102963837916,0.24935190629705262,0.6474422928672013
2025-06-10,0.2911031423510227,0.31322668661128705,0.33941693582003596,0.2500299372959834,0.6655785170138545
2025-06-11,0.2951670305551468,0.3212681992339248,0.34034411431239614,0.2501385786332564,0.6638807866051002
2025-06-12,0.2944620447080645,0.31575478478837726,0.34060430900291316,0.2507480515073849,0.6589658957165035
2025-06-13,0.29588422762753974,0.3069788592033288,0.33968951227275396,0.14331016007741657,0.659437258346721
2025-06-16,0.27879538768375917,0.30963180202823354,0.3382275038872726,0.13195090551369335,0.6574905882415032
2025-06-17,0.2665217216348735,0.3031944910069889,0.33888041274367914,0.13290588369676345,0.6645455024104797
2025-06-18,0.26689510134516087,0.30458305244035416,0.3418322919009109,0.1297167369824383,0.6620947529221214
2025-06-20,0.27249659952349364,0.3054447930917855,0.28684749562829964,0.13224206708594202,0.6622540704028987
2025-06-23,0.27207044785396645,0.30360674187886555,0.2849099821792801,0.13718836027569112,0.6949355936021172
2025-06-24,0.2724326477587459,0.3078869303233852,0.283135922313898,0.13772891468050064,0.6902481775058205
2025-06-25,0.1986243058461654,0.20316377141610104,0.2711097826320385,0.12374863069872333,0.6752880727432441
2025-06-26,0.19559271009397994,0.2114777129932578,0.2739573650347451,0.12510895728733515,0.660343060765611
2025-06-27,0.19567599877852218,0.22497439050832935,0.2664262928369835,0.12558578529648487,0.6491373924468088
2025-06-30,0.2056730863500504,0.2189716175387384,0.2683186003269689,0.12556026226550185,0.6500092205274252
2025-07-01,0.2095482120292729,0.21909370121053148,0.2665867814007485,0.13188719430737056,0.6630749070382471
2025-07-02,0.21667117374672534,0.21954338260075823,0.2695985973641447,0.130616575220628,0.6785530288700048
2025-07-03,0.21498998791896068,0.21973320367055696,0.2642618985154431,0.13574573523645955,0.6782510837441093
2025-07-07,0.2096058611159001,0.2135591837075825,0.2587285003572678,0.1290169116077083,0.7013973590358148
2025-07-08,0.2091066977587901,0.22190783655634555,0.2599443314573031,0.12982746096754236,0.6999326625553722
2025-07-09,0.18638771933767156,0.22090641445981693,0.2582812597141495,0.12725550355943083,0.6999728735912127
2025-07-10,0.17401700112246896,0.2115819929496652,0.24795454668964245,0.11478457445486402,0.6826526906857239
2025-07-11,0.17551117411281703,0.21167735094445408,0.2506058269199899,0.11073819811710237,0.6831843436106683
2025-07-14,0.1796930153570608,0.2116275490968738,0.25079990438121824,0.11128805983069431,0.6840826348556365
2025-07-15,0.17948648190989996,0.21072290580804884,0.2506719857610982,0.11150762552122766,0.6798802091325699
2025-07-16,0.17960902220421687,0.21609303202001243,0.24499212691877115,0.11197742305854418,0.6880570699701719
2025-07-17,0.17867968244860968,0.21501041531296922,0.23779454374686856,0.11491719366967773,0.6880341041489709
2025-07-18,0.1788207791190915,0.21562914690844961,0.23706620643548515,0.11643947196682926,0.6869358544773712
2025-07-21,0.17548436230263822,0.21798253216955993,0.246778252940491,0.11579025017516258,0.5366645426033175
2025-07-22,0.17147726117501327,0.20815090811676665,0.23195187568988423,0.12077829907500155,0.5287386315374042
2025-07-23,0.16666698634797814,0.20408331131570867,0.23067764634927407,0.12056715633554382,0.5142292176062376
2025-07-24,0.16660307591219303,0.20895601595342236,0.22920408740804296,0.12106197546144352,0.5445209786169155
2025-07-25,0.154326068987732,0.19862426654301102,0.2275155989251263,0.12131044736919311,0.5548986471724937
2025-07-28,0.15440123806018255,0.19864916988259443,0.22531259617271132,0.11804911110553802,0.5577477913078108
2025-07-29,0.15366992599420043,0.1995989418557504,0.22682880232771285,0.11404318738845956,0.5565926112029789
2025-07-30,0.15639795486596353,0.1945586278222127,0.22552142780126766,0.11254271293449766,0.5558301201551493
2025-07-31,0.15152823590571973,0.19760064967211166,0.23788191586746663,0.1548298288124033,0.5529732035359279
2025-08-01,0.17023902926246964,0.31568806506184527,0.23755002455729451,0.16664129999301217,0.5525513376526805
2025-08-04,0.15815320746893244,0.3161313860609292,0.2166334059879277,0.17321706632396738,0.5566900178328633
2025-08-05,0.15819680323540378,0.31668537465443486,0.21367594917839416,0.1760091718243233,0.4978771543918426
2025-08-06,0.21452712408283217,0.3317691486499283,0.2134087954533257,0.17669763492178572,0.5071005308594021
2025-08-07,0.2308859066167089,0.33142390413226114,0.20666199604074834,0.17899489810149108,0.4957366320230989
2025-08-08,0.2566457822253955,0.324752524206116,0.2120643074935277,0.17714707553401643,0.4998566898347778
2025-08-11,0.25910553840310446,0.3147201854981908,0.20065693361774697,0.17671571688066848,0.5055899688461382
2025-08-12,0.2554205539379403,0.3103641402445867,0.19520265720477897,0.18041614316325008,0.5018971853539324
2025-08-13,0.2565277756897227,0.31258152931204786,0.19708245836465288,0.1845684169215811,0.47349485927961416
2025-08-14,0.25121079669315566,0.3225565121244371,0.19419536078444066,0.18425456317989752,0.4555242277336259
2025-08-15,0.25227439229048965,0.319820197731385,0.19418941358163053,0.1805153639840221,0.4582339745245224
2025-08-18,0.24598360890294346,0.3198099222841262,0.18619383769278744,0.18147586288547768,0.40847314059050327
2025-08-19,0.24621790524599427,0.3181495896093883,0.1828926886803761,0.1867447571077876,0.41258412753286994
2025-08-20,0.2549509923263655,0.32074913045599773,0.18698200259336256,0.18430186838904059,0.41571013892455494
2025-08-21,0.25558248658950716,0.3217143937456639,0.18700434921509668,0.18392421079146545,0.39624585683225966
2025-08-22,0.2562384399580083,0.3322387420891805,0.20154878587432268,0.18439993251974487,0.43294262798217187
2025-08-25,0.2529757831810068,0.33244491397761583,0.2024170824571755,0.1852691298873112,0.43498160284454956
2025-08-26,0.2536561949311596,0.332475693638982,0.20491393520159426,0.18501362981121758,0.430713185796451
2025-08-27,0.2536640621317551,0.32961837252322995,0.2050476450607887,0.1870422139587494,0.4217254059163981
2025-08-28,0.25391328481737696,0.33078650351589967,0.21004076188154683,0.1844525398540856,0.42253116307339383
2025-08-29,0.25430999971841406,0.3316682720557856,0.20985059143221554,0.1849890986475204,0.42714912967080004
2025-09-02,0.25722653291594344,0.33254667951374023,0.20143560586040535,0.18519213780433788,0.4289994047887154
2025-09-03,0.27644485665389656,0.3318741959965093,0.3245421767312419,0.18313512887636088,0.429823618058307
2025-09-04,0.27609244627557133,0.3543409077971171,0.32245973732102057,0.183702405076289,0.43140536750082437
2025-09-05,0.27586122616865794,0.35377037289689434,0.3226137648016842,0.19584137006260874,0.3649610377359913
2025-09-08,0.2777370044344897,0.3561652618947277,0.323919893117938,0.19612487327118996,0.3566615041373249
2025-09-09,0.2828248436288517,0.35691222391477023,0.3263003013028422,0.196110130727937,0.34746344684212616
2025-09-10,0.2975499934008346,0.36975894119840064,0.32628208871270703,0.19657585492769983,0.34420830217078685
2025-09-11,0.2967558335866823,0.3696338910559918,0.32621488692497613,0.19657341223131283,0.3809994434536757
2025-09-12,0.2977882499379896,0.3668284122489523,0.3136371648231149,0.16566405423874261,0.41157908863787995
2025-09-15,0.2851395036886449,0.27424417549687896,0.32403965737583007,0.16188095111848258,0.4105123078400247
2025-09-16,0.28513991254267523,0.2704424273084612,0.31913285076883136,0.15064907337931593,0.4124484510463232
2025-09-17,0.28430318535505833,0.27264505417250906,0.3207295715743388,0.14568491047742896,0.4107677676493881
2025-09-18,0.25113094422371823,0.24892912390548563,0.3207355948037987,0.14525612403983687,0.413907768278394
2025-09-19,0.25136349586419254,0.24883826550060018,0.3202001397065825,0.1543775506177134,0.41555045343099056
2025-09-22,0.25235355742382115,0.2541072384302668,0.3203603902467525,0.1553753959275973,0.41464545666888414
2025-09-23,0.2516178979889365,0.2691699684500507,0.32074851507247903,0.15793110602643137,0.418776786412091
2025-09-24,0.25314769123435993,0.2692431623371905,0.32898823417742057,0.15162534127376343,0.42868380102800735
2025-09-25,0.254112792436513,0.26717499133791417,0.32853678707626816,0.14545982010780723,0.4539759878643407
2025-09-26,0.25488303538753626,0.2536373642603148,0.3286708764462851,0.14753954257459476,0.45968729543514686
2025-09-29,0.2545949625545389,0.2561446108147541,0.33224877615126674,0.1483439200342,0.45394507596084466
2025-09-30,0.2540164594733634,0.2577425124810768,0.3327099403173495,0.14860468852556905,0.4542217396500399
2025-10-01,0.2536069932398072,0.2551853350673757,0.32938517729970823,0.1424841877414454,0.4514445283834573
2025-10-02,0.24389840262223364,0.25095974757274914,0.3252023172316813,0.1423250002233806,0.4803282772036682
2025-10-03,0.24231617602093267,0.2526741857698946,0.3258427986992567,0.14235075768500774,0.4813590988153708
2025-10-06,0.24271479045716682,0.2356608949503527,0.32011199959264364,0.15404026995155232,0.47463810903207965
2025-10-07,0.2423333173657785,0.2359419964112594,0.3280171118982283,0.15541320721630075,0.4991876772683704
2025-10-08,0.2418943574015115,0.24039016599085147,0.3274662527403691,0.15446178933554158,0.49901391269300704
2025-10-09,0.24845110285283917,0.24266735201655454,0.33162289717339244,0.15362858860770043,0.4993379632984847
2025-10-10,0.2708862609739102,0.2799397980690737,0.3367700160364457,0.16665052428442442,0.5250601155698839
2025-10-13,0.27157507771267164,0.28393705525828256,0.3464600310400004,0.16652251034640786,0.5274538041927231
2025-10-14,0.2689640664113807,0.28428015868879586,0.3445386728877219,0.16623009125792046,0.5281482143405821
2025-10-15,0.2475087624173363,0.2841061427266678,0.23570249967467152,0.16624921823655633,0.5281026265521435
2025-10-16,0.24862138349501967,0.25123406504832846,0.2353956276942422,0.16607422380072107,0.5325170993259046
2025-10-17,0.25419658952712204,0.24925534751829134,0.23431845614063193,0.14712478911121732,0.5282407817902484
2025-10-20,0.2747727879135504,0.24992028660919538,0.23545331083187332,0.14706027162774646,0.5253330861009863
2025-10-21,0.2693393154863603,0.2606453366527503,0.23946821969013288,0.14704298046882122,0.5280958875963492
2025-10-22,0.25433773399150583,0.24859197120313486,0.23941822825396517,0.14737178644478213,0.5300778288676845
2025-10-23,0.2526363751540606,0.2529490879706459,0.23948149585813766,0.14742154171533364,0.508719367459669
2025-10-24,0.25071546680416046,0.2559172252221851,0.2503692450630763,0.13973848278472084,0.4813327009798057
2025-10-27,0.255803249617249,0.25494481630339916,0.23834395257193164,0.14295975122353732,0.48615177231672224
2025-10-28,0.25596282908405255,0.2544562345717892,0.23950622077333164,0.1471696279755641,0.48255126225463685
2025-10-29,0.2559977788091731,0.25313158552792253,0.24806470273948542,0.14744329166594516,0.4821479847197671
2025-10-30,0.25468801860422674,0.26983923117680414,0.255401051731221,0.17254999079496175,0.49846404085893464
2025-10-31,0.24191273802332353,0.3896372169510191,0.2549220814960884,0.1705817131060375,0.5056628605020304
2025-11-03,0.2114297744835233,0.4004713444785661,0.2528032111049576,0.16944997159654496,0.5079326797687471
2025-11-04,0.21005892154258218,0.3929766426612157,0.2628880474438395,0.16742033012223836,0.5283869265968087
2025-11-05,0.20781587575778146,0.39248620894858577,0.2616392912015294,0.17240595880730894,0.5285804308573686
2025-11-06,0.20261738204495042,0.40226631819371406,0.2600310848246185,0.18091510096719432,0.5225145940765399
2025-11-07,0.2024195757736905,0.40216032846599326,0.2705867731853901,0.17874086846261528,0.5215699087742766
2025-11-10,0.20182189367116576,0.40329622408511584,0.2864537505668056,0.18638076038652757,0.5321700977205123
2025-11-11,0.20958190469662202,0.4005598311533097,0.2849995340662503,0.18601724917686527,0.5334821981968783
2025-11-12,0.21125298129179693,0.4066411032325567,0.2919930619625559,0.18632791968075293,0.5272883264928275
2025-11-13,0.21122284132515462,0.41602951483758205,0.30800672216531055,0.19020505975189475,0.5415125840042841
2025-11-14,0.21150860898736157,0.4157527581022401,0.30959118237203026,0.1944897317440959,0.5407617677032683
2025-11-17,0.21854392926378524,0.4166447006833271,0.31585665003462876,0.18326555498705044,0.5158400614148866
2025-11-18,0.2184861753752645,0.4377175707181058,0.30898028033285707,0.1968646281793031,0.5030571075276089
2025-11-19,0.2181966997645435,0.43539472153621395,0.3157829076371832,0.19937246493287722,0.5017870622126285
2025-11-20,0.2143680105509879,0.43987277022865234,0.31520059582446885,0.20315920469268342,0.5047753534736372
2025-11-21,0.19111220335003526,0.41747829754551974,0.31550533746052467,0.19752856329493224,0.4846902068219315
2025-11-24,0.19390963512587528,0.42090576664437845,0.3472822251279406,0.1968419570100289,0.5001564488785656
2025-11-25,0.19366194245099708,0.41916193058224116,0.3475273565384528,0.19847507618733248,0.49846078278208894
2025-11-26,0.19357401288828377,0.41898795461102883,0.3499814959202281,0.2068660287918655,0.49937617010484936
2025-11-28,0.19061419448036288,0.4206682630895585,0.35015716583134643,0.2113521342377651,0.4980272619506985
2025-12-01,0.18796160334784281,0.419645465240725,0.35748904669742,0.2125667783100498,0.4927832031607976
2025-12-02,0.15674813538026225,0.417919087532301,0.3573642823347312,0.21271501737215637,0.4895892148349152
2025-12-03,0.15946242472247338,0.4135732844390318,0.34530061533263473,0.2229595411748274,0.5031744909874105
2025-12-04,0.15541610902600572,0.41192989683333675,0.34779705972569963,0.22327416993810603,0.5046748582651364
2025-12-05,0.15783110115468782,0.4102432900528997,0.3478557337979865,0.22417297373395556,0.500674591504094
2025-12-08,0.15570724707878056,0.41015258964952905,0.3543980267732923,0.22944229348742223,0.500615264160466
2025-12-09,0.143023421101451,0.40885937690804436,0.34357113999483613,0.22404979806444653,0.485891612929978
2025-12-10,0.14365639668111652,0.4107476198541064,0.34172764897167546,0.22506434143771117,0.48477204378490263
2025-12-11,0.14404601921245466,0.4110849283132577,0.34722751725102424,0.22869482238986114,0.48555605372762867
2025-12-12,0.14319432348797975,0.40314077290272415,0.34405796879514927,0.2165780057350297,0.47183810413171673
2025-12-15,0.14990237581751828,0.2878905777721916,0.3444011218836079,0.2140265922825609,0.4707009630411684
2025-12-16,0.14905475217884664,0.2577702180944466,0.3448531133990328,0.21472001627170928,0.47302902068945923
2025-12-17,0.15201972571562225,0.2543179366425067,0.35249052441983425,0.21464502890859893,0.46805106226475157
2025-12-18,0.15204675793290998,0.2668516676685264,0.35005971374922196,0.21854847315754813,0.46436179821266427
2025-12-19,0.15266479474196107,0.25606946037279166,0.35213450659725487,0.21189874819360333,0.4515455680658297
2025-12-22,0.15489329283283965,0.2558496049374993,0.34526323428021555,0.21194021415784686,0.43682236585988454
2025-12-23,0.15503802223638916,0.2557972913754813,0.32922506941158813,0.20460347743810592,0.4272239589277249
2025-12-24,0.14236113601493205,0.25554966553908914,0.3293769810187631,0.20398320236022238,0.4247421957320865
2025-12-26,0.14116434273743866,0.25019591493996857,0.32501024712079357,0.2031821224252554,0.4250001714644451
2025-12-29,0.1410899132380556,0.23816443877407925,0.3111287232402171,0.198840990743516,0.3861459002095221
2025-12-30,0.14116336353676456,0.2357497981831169,0.3092527360435593,0.19404347255269264,0.3889261434390265
2025-12-31,0.1309515310994529,0.23564095917289052,0.2992553428324143,0.19465507355138623,0.39054817996964547
2026-01-02,0.13138149079262543,0.20346496620912385,0.2988870986306601,0.18951019502992353,0.3946109162702297
2026-01-05,0.1372122710533922,0.21937005625320508,0.2882798510364157,0.18595618284043744,0.40269060993626465
2026-01-06,0.1451089680495408,0.22359377046354081,0.2866291688368491,0.183826186206068,0.4174401221233598
2026-01-07,0.13333740410337905,0.2202899232473247,0.2774912256913621,0.1817264219280756,0.41592765295282413
2026-01-08,0.12265041742297708,0.21583614551470007,0.21190726504934593,0.18469742032862504,0.36889959513956283
2026-01-09,0.12181265296415372,0.212856789274371,0.20918227304895093,0.18395331983906552,0.3731623005488586
2026-01-12,0.12226390540935711,0.21318335386120238,0.20799833133590662,0.17658858305710787,0.37106599534019585
2026-01-13,0.12157309604854503,0.21447657497210212,0.21043704917685482,0.1754536354776233,0.3709265470075328
2026-01-14,0.10987358220716123,0.22717362540719857,0.20336472696362437,0.18549594200738326,0.37517775175965834
2026-01-15,0.10235825523817342,0.22778121909674087,0.20599330143269362,0.18403679087365188,0.375135993072675
2026-01-16,0.10380962103443392,0.22622295997210498,0.20568075009031436,0.17268535473846403,0.35571880724562766
2026-01-20,0.1354924757542429,0.24438744664626075,0.21757512935568488,0.17362816878462534,0.37085774172335373
2026-01-21,0.1372541450087755,0.24436635721892708,0.22248672703955438,0.1827693256293606,0.3818719342973665
2026-01-22,0.13862647614208312,0.24438106814169522,0.21130583751326754,0.18237706539037976,0.3887697473752826
2026-01-23,0.13877207174589917,0.2506248443179933,0.21139104322995164,0.20926023795215928,0.3872040097418015
2026-01-26,0.1673199897975925,0.2467556528014129,0.21445096694468702,0.1968483437241702,0.3954006981769805
2026-01-27,0.17221248382019086,0.25612998287722066,0.2001606746983844,0.2051006665102385,0.3953567810693902
2026-01-28,0.1724390333599248,0.25064522032365427,0.19672499556347886,0.20293273786701524,0.3865012167953139
2026-01-29,0.17063075114928797,0.2455446647090632,0.19609524843494158,0.35418480343438846,0.3809649009458539
2026-01-30,0.17136398576766806,0.24828903049949524,0.19480261577436506,0.3539461414763235,0.38309070100887244
2026-02-02,0.20895074878294345,0.24965777291062283,0.1670645900918183,0.35581922782395486,0.36514792860995415
2026-02-03,0.20896990209036218,0.24825162336182555,0.1679727667581734,0.35769229417116416,0.3475626964810813
2026-02-04,0.22194232998770969,0.2589143469233023,0.17751719281844952,0.35853581677937113,0.3608844756731522
2026-02-05,0.21994203071166177,0.2897126608465777,0.17816351884460296,0.3808108087329005,0.35817270464181405
2026-02-06,0.22060409350645052,0.3257374369507695,0.19120791083128816,0.3868747622020246,0.377958424391014
2026-02-09,0.22304977751227995,0.32575207505875664,0.19140164315812672,0.4010283855251843,0.3823296879754745
2026-02-10,0.22324867304193843,0.3258477486353179,0.19891712414536708,0.4010126298543617,0.38505637265237075
2026-02-11,0.22402254107394545,0.3271414816914403,0.21125076754075992,0.40358436188066976,0.3759245210320245
2026-02-12,0.26733202722541327,0.33063112327071675,0.21195629432867696,0.40309305052363203,0.3815049333393719
2026-02-13,0.2743937448834184,0.3305535656233814,0.21392357529650263,0.40329003252086304,0.38090209041379
2026-02-17,0.29101875236982994,0.33121543481542526,0.2151564903719775,0.4007039363109864,0.37670664728530295
2026-02-18,0.28839815272136415,0.323296028031421,0.21513962912332765,0.4020476602932975,0.3637959288940924
2026-02-19,0.28640419684729346,0.30316356424688506,0.2144828238465515,0.39900459538198063,0.3450076026029695
2026-02-20,0.28881741464000604,0.3154156839637643,0.23463443096966433,0.3961953539728386,0.3449811523920267
2026-02-23,0.2886952439176711,0.3113642503132041,0.23396758321354325,0.4031082492277607,0.3523209984944518
2026-02-24,0.29522048334988304,0.3164704501041271,0.23164367638148908,0.40587589774263727,0.35401982043636115
2026-02-25,0.29568228071759145,0.31960335194008693,0.23029392346275668,0.4193306422764691,0.3583568419418928
